{
  "C": 0.0001749013410792035,
  "bootstrap": true,
  "class_weight": "balanced",
  "criterion": "gini",
  "dropout_1": 0.3447022260325898,
  "dropout_2": 0.2910107262860917,
  "epochs": 10,
  "learning_rate": 0.20870705599597184,
  "lr": 0.0087518099792308,
  "max_depth": null,
  "max_features": null,
  "min_samples_leaf": 10,
  "min_samples_split": 2,
  "model_type": "keras",
  "n_estimators": 100,
  "subsample": 0.7652042030991681,
  "units_1": 64,
  "units_2": 32
}