{
  "C": 0.008701150527771064,
  "bootstrap": true,
  "class_weight": null,
  "criterion": "gini",
  "dropout_1": 0.34492181607021155,
  "dropout_2": 0.26621370299811964,
  "epochs": 10,
  "learning_rate": 0.28929669925812274,
  "lr": 0.003539826309652056,
  "max_depth": null,
  "max_features": "sqrt",
  "min_samples_leaf": 2,
  "min_samples_split": 5,
  "model_type": "logistic_regression",
  "n_estimators": 300,
  "subsample": 0.8472132111238111,
  "units_1": 32,
  "units_2": 32
}