{
  "C": 0.0005206498776927764,
  "bootstrap": true,
  "class_weight": null,
  "criterion": "entropy",
  "dropout_1": 0.3587639891795905,
  "dropout_2": 0.435492915059566,
  "epochs": 10,
  "learning_rate": 0.0025369112874066117,
  "lr": 0.0066690990012612215,
  "max_depth": null,
  "max_features": "sqrt",
  "min_samples_leaf": 2,
  "min_samples_split": 20,
  "model_type": "xgboost",
  "n_estimators": 100,
  "subsample": 0.9666256873194761,
  "units_1": 32,
  "units_2": 32
}