{"model_type": "TF-IDF + Logistic Regression (Baseline)", "accuracy": 0.6775, "precision": 0.43441466854724964, "recall": 0.5579710144927537, "f1_score": 0.48850118953211735}