epoch,steps,accuracy_cosine
1.0,141,0.972000002861023
2.0,282,0.9760000109672546
3.0,423,0.9760000109672546
